Last name,First name,AffiliationAdams,Nick,University of California at BerkeleyAgarwal,Deb,University of California at BerkeleyApte,Chid,IBMBalazinska,Magdalena,University of WashingtonBandeira,Afonso,New York UniversityBarbary,Kyle,University of California at BerkeleyBarter,Rebecca,University of California at BerkeleyBaru,Chaitanya,National Science FoundationBeck,Nathaniel,New York UniversityBeck,Dave,University of WashingtonBertini,Enrico,New York UniversityBeyeler,Michael,University of WashingtonBik,Holly,University of California at RiversideBiswas,Rahul,University of WashingtonBloom,Josh,University of California at BerkeleyBoehnlein,Amber,Thomas Jefferson National Accelerator FacilityBoettiger,Carl,University of California at BerkeleyBoldt,Judith,University of Texas Southwestern Medical CenterBonneau,Richard,New York UniversityBorgs,Christian,Microsoft ResearchBorutta,Felix,University of California at BerkeleyBowman,Sam,New York UniversityBrady,Henry,University of California at BerkeleyBrock,Jeffrey,Brown UniversityBrooks,Robin,University of WashingtonBroussard,Meredith,New York UniversityBrown,C. Titus,University of California at DavisBruce,Elizabeth,Microsoft ResearchBrunner,Robert,University of IllinoisBuck,Stuart,Arnold FoundationBussonnier,Matthias,University of California at BerkeleyCabasse,Charlotte,University of California at BerkeleyCao,Yi,University of WashingtonCarson,Cathryn,University of California at BerkeleyCaulk,Natalie,Moore FoundationCetintemel,Ugur,Brown UniversityChakraborty,Sunandan,New York UniversityChayes,Jennifer,Microsoft ResearchChirigati,Fernando,New York UniversityChohlas-Wood,Alex,NYPDChristensen,Garret,University of California at BerkeleyChunara,Rumi,New York UniversityConnolly,Andrew,University of WashingtonCornelissen,Jonathan,Data CampCosta,Thiago,University of WashingtonCranmer,Kyle,New York UniversityCrosas,Merce,Harvard UniversityCulich,Aaron,University of California at BerkeleyCullen,Mark,Stanford UniveristyCullens,Chihoko,University of California at BerkeleyCuller,David,University of California at BerkeleyDavidson,Susan,University of PennsylvaniaDavies,Neil,University of California at BerkeleyDekker,Harrison,University of California at BerkeleyDeMasi,Orianna,University of California at BerkeleyDhar,Vasant,New York UniversityDioun,Cyrus,University of California at BerkeleyFaerman,Evgeniy,University of California at BerkeleyFeldman,Stuart,Schmidt PhilanthropiesFerguson,Ali ,University of California at BerkeleyFire,Michael,University of WashingtonFranklin,Mike,University of ChicagoFranks,Alexander,University of WashingtonFreeman,Jeremy,Janelia Research CenterFreire,Juliana,New York UniversityFrey,Christian Maximilian Michael,University of California at BerkeleyFriedland,Gerald,University of California at BerkeleyGeiger,Stuart,University of California at BerkeleyGelman,Andrew,Columbia UniversityGerig,Guido,New York UniversityGerig,Guido,New York UniversityGill,Michael,New York UniversityGillett,Sharon,Microsoft ResearchGoncalves,Bruno,New York UniversityGoodman,Alyssa,Harvard UniversityGoroff,Daniel,Sloan FoundationGranger,Brian,California Polytechnic State UniversityGreene,Casey,University of PennsylvaniaGuess,Andrew,New York Universitygureckis,todd,New York UniversityHand,Joe,DatHazelton,Bryna,University of WashingtonHellerstein,Joseph,University of WashingtonHendrix,Justin,NYC Media LabHettrick,Simon,Software Sustainability InstituteHerman,Bernease,University of WashingtonHill,Andrew,CartoDBHimmelstein,Daniel,University of PennsylvaniaHogg,David,New York UniversityHoldgraf,Chris,University of California at BerkeleyHolmes,Charles,NASAHonavar,Vasant,Pennsylvania State UniversityHowe,Bill,University of WashingtonHuppenkothen,Daniela,New York UniversityImamoglu,Fatma,University of California at BerkeleyIverson,Vaughn,University of WashingtonJefferson,Anna,Abt AssociatesJones-Rooy,Andrea,New York UniversityJoskow,Paul,Sloan FoundationJuric,Mario,University of WashingtonKaiser,Eurika,University of WashingtonKarpinski,Stefan,New York UniversityKatz,Luba,Abt AssociatesKatz,Dan,University of IllinoisKingsepp,Roger,New York UniversityKingsford,Carl,Carnegie Mellon UniversityKleese Van Dam,Kerstin,Brookhaven National LaboratoryKorn,Flip,GoogleKottalam,Jey,University of California at BerkeleyKoy,Kevin,University of California at BerkeleyKurose,Jim,National Science FoundationLaetsch,Thomas,New York UniversityLagoze,Carl,University of MichiganLake,Brenden,New York UniversityLam,Siu Kwan,Continuum AnalyticsLang,Meagan,University of IllinoisLarsen,Laurel,University of California at BerkeleyLaver,Mik,New York UniversityLazowska,Ed,University of WashingtonLeCun,Yann,New York UniversityLederman,Roy,Princeton UniveristyLee,Meredith,University of California at BerkeleyLiu,Serena,University of WashingtonLongo,Giuseppe,"National Centre for Scientific Research, France"Lowrance,Roy,New York UniversityLu,Ying,New York Universitymagallanes,Jose Manuel,University of WashingtonMahoney,Michael,University of California at BerkeleyMarcais,Guillaume,Carnegie Mellon UniversityMathis,Emily,New York UniversityMcCormick,Tyler,University of WashingtonMcFee,Brian,New York UniversityMcKeown,Kathleen,Columbia UniversityMcPhail,Meredith,Arnold FoundationMeng,Xiaofeng,University of WashingtonMentzel,Chris,Moore FoundationMetzner,Julia,Moore FoundationMitchell,Erik,University of California at BerkeleyMorozov,Dmitriy,University of California at BerkeleyMueller,Heiko,New York UniversityMuilenburg,Jenny,University of WashingtonMunger,Kevin,New York UniversityNadeau,Robert,University of California at BerkeleyNagler,Jonathan,New York UniversityNaul,Brett,University of California at BerkeleyNaul,Brett,University of California at BerkeleyNirody,Jasmine,University of California at BerkeleyNiwa,Kunihiko,Japan Science and Technology Agency Noren,Laura,New York UniversityO'Brien,Michael,North Carolina State UniversityOttoboni,Kellie,University of California at BerkeleyPacer,Michael,University of California at BerkeleyPaglione,Johnpierre,University of MarylandPark,Lesley,Stanford UniveristyParker,Micaela,University of WashingtonPaxton,Alexandra,University of California at BerkeleyPerez,Debra,Moore FoundationPerez,Fernando,University of California at BerkeleyPerlmutter,Saul,University of California at BerkeleyPiedfort,Jesse,University of WashingtonPonisio,Lauren,University of California at BerkeleyRam,Karthik,University of California at BerkeleyRampin,Remi,New York UniversityRatner,Alexander,Stanford UniversityRe,Chris,Stanford UniversityReynolds,Kim,University of Texas Southwestern Medical CenterRiemer,Kristina,University of FloridaRob,Fatland,University of WashingtonRobinson,David,Stack OverflowRocklin,Matthew,Continuum AnalyticsRokem,Ariel,University of WashingtonRose,Ian,University of California at BerkeleySalganik,Matthew,Princeton UniveristySatyanarayan,Arvind,Stanford UniversitySchreiber,Jacob,University of WashingtonScott,Camille,University of California at DavisShen,Wade,DARPAShore,Elliott,Association of Research LibrariesSilva,Claudio,New York UniversitySinger,Amit,Princeton UniversitySmith,Arfon,GitHubSmith,Nathaniel,University of California at BerkeleySmith,Allison,University of WashingtonSpergel,David,Princeton UniveristySpirling,Arthur,New York UniversitySrivastava,Divesh,AT&T ResearchStaneva,Valentina,University of WashingtonStebbins,Michael,Arnold FoundationSteeves,Vicky,New York UniversityStephens,Matthew,University of ChicagoStone,Sarah,University of WashingtonStrasser,Carly,Moore FoundationStuetzle,Werner,University of WashingtonSuen,Anthony,University of California at BerkeleySullivan,Blair,North Carolina State UniversitySwanson-Hysell,Nick,University of California at BerkeleySzalay,Alex,Johns Hopkins UniversityTanweer,Anissa,University of WashingtonTeal,Tracy,Data CarpentryTeytelman,Lenny,Protocols.ioTucker,Joshua,New York UniversityTurk,Matthew,University of IllinoisUshizima,Daniela,University of California at Berkeleyvan der Walt,StÌ_å©fan,University of California at BerkeleyVan Gordon,Mollie,University of California at BerkeleyVaroquaux,Nelle,University of California at BerkeleyVo,Huy,City University of New YorkWaller,Laura,University of California at BerkeleyWang,Gao,University of ChicagoWang,Xin Ru (Nancy),University of WashingtonWay,Gregory,University of PennsylvaniaWay,Thaisa,University of WashingtonWest,Jevin,University of WashingtonWhitacre,Jamie,University of California at BerkeleyWhite,Ethan,University of FloridaWiggins,Chris,Columbia UniversityWilliams,Debra,PearsonYeh,Li-Hao,University of California at BerkeleyYu,Bowen,New York UniversityZauderer,Ashley,Templeton FoundationZemankova,Maria,National Science FoundationZichy,Kathleen Hill,New York University